-4,0,7NTR9Dv1TU1YwrClRxNRYaOl2bo=,gtN8nkD3NvEx0YV5fUxz6iYmlyE=
-3,0,7NTR9Dv1TU1YwrClRxNRYaOl2bo=,/D6DLSe9NneTIF3zLsICeD7Su54=
-2,0,7NTR9Dv1TU1YwrClRxNRYaOl2bo=,L0ilDCcansEAL7q41zANETTH1Zs=
-1,0,7NTR9Dv1TU1YwrClRxNRYaOl2bo=,30Ytjf6spO8F4TbcoXPckFAt9RY=
-4,1,7NTR9Dv1TU1YwrClRxNRYaOl2bo=,Q9OdQujhhzBD/suWw6tSExqtLFE=
-3,1,7NTR9Dv1TU1YwrClRxNRYaOl2bo=,Rvjt4mglfDokECpx6ERPYLMzAtg=
-2,1,7NTR9Dv1TU1YwrClRxNRYaOl2bo=,Q9OdQujhhzBD/suWw6tSExqtLFE=
-1,1,7NTR9Dv1TU1YwrClRxNRYaOl2bo=,fFvB2IOJAijHueYzL2jIndaRU4Y=
