2,5,PaPYBwlaChzHPACsBs5lSk/RI9U=,yufNCr06LwNrW48GxB58+3znR2w=
0,3,PaPYBwlaChzHPACsBs5lSk/RI9U=,3LFRZN2Z+guAvz5fCzwGL+dbNcg=
2,4,PaPYBwlaChzHPACsBs5lSk/RI9U=,yufNCr06LwNrW48GxB58+3znR2w=
1,3,PaPYBwlaChzHPACsBs5lSk/RI9U=,3LFRZN2Z+guAvz5fCzwGL+dbNcg=
0,4,PaPYBwlaChzHPACsBs5lSk/RI9U=,fy8NVxi87Oj6+gCrWt+N4uvhh2U=
2,3,PaPYBwlaChzHPACsBs5lSk/RI9U=,MwVfgDFNPrTN+ACjQ/9Vl5/qox4=
1,4,PaPYBwlaChzHPACsBs5lSk/RI9U=,fy8NVxi87Oj6+gCrWt+N4uvhh2U=
1,5,PaPYBwlaChzHPACsBs5lSk/RI9U=,fy8NVxi87Oj6+gCrWt+N4uvhh2U=
1,7,PaPYBwlaChzHPACsBs5lSk/RI9U=,hqH23qrqtQAPm7BbIW4W9VsrX4c=
0,7,PaPYBwlaChzHPACsBs5lSk/RI9U=,hqH23qrqtQAPm7BbIW4W9VsrX4c=
1,6,PaPYBwlaChzHPACsBs5lSk/RI9U=,hqH23qrqtQAPm7BbIW4W9VsrX4c=
0,5,PaPYBwlaChzHPACsBs5lSk/RI9U=,fy8NVxi87Oj6+gCrWt+N4uvhh2U=
0,6,PaPYBwlaChzHPACsBs5lSk/RI9U=,hqH23qrqtQAPm7BbIW4W9VsrX4c=
4,1,PaPYBwlaChzHPACsBs5lSk/RI9U=,XQ/z0c7bHyQlrbFB6mLv3gnTXAg=
3,2,PaPYBwlaChzHPACsBs5lSk/RI9U=,MwVfgDFNPrTN+ACjQ/9Vl5/qox4=
3,1,PaPYBwlaChzHPACsBs5lSk/RI9U=,FgPnq2+aB19NgR1cRPBFFVLgm9g=
4,0,3X5JemH+3MWgJI//VlAfUG9yEZE=,XQ/z0c7bHyQlrbFB6mLv3gnTXAg=
3,0,3X5JemH+3MWgJI//VlAfUG9yEZE=,FgPnq2+aB19NgR1cRPBFFVLgm9g=
2,1,3X5JemH+3MWgJI//VlAfUG9yEZE=,FgPnq2+aB19NgR1cRPBFFVLgm9g=
1,1,3X5JemH+3MWgJI//VlAfUG9yEZE=,X2/94jQJYyM/bRbs1B8ZNHKXqqE=
2,2,3X5JemH+3MWgJI//VlAfUG9yEZE=,MwVfgDFNPrTN+ACjQ/9Vl5/qox4=
0,2,3X5JemH+3MWgJI//VlAfUG9yEZE=,3LFRZN2Z+guAvz5fCzwGL+dbNcg=
1,0,3X5JemH+3MWgJI//VlAfUG9yEZE=,X2/94jQJYyM/bRbs1B8ZNHKXqqE=
1,2,3X5JemH+3MWgJI//VlAfUG9yEZE=,3LFRZN2Z+guAvz5fCzwGL+dbNcg=
2,0,3X5JemH+3MWgJI//VlAfUG9yEZE=,FgPnq2+aB19NgR1cRPBFFVLgm9g=
0,1,3X5JemH+3MWgJI//VlAfUG9yEZE=,X2/94jQJYyM/bRbs1B8ZNHKXqqE=
0,0,3X5JemH+3MWgJI//VlAfUG9yEZE=,X2/94jQJYyM/bRbs1B8ZNHKXqqE=
3,4,3X5JemH+3MWgJI//VlAfUG9yEZE=,yufNCr06LwNrW48GxB58+3znR2w=
3,3,3X5JemH+3MWgJI//VlAfUG9yEZE=,MwVfgDFNPrTN+ACjQ/9Vl5/qox4=
3,5,3X5JemH+3MWgJI//VlAfUG9yEZE=,yufNCr06LwNrW48GxB58+3znR2w=
9,2,3X5JemH+3MWgJI//VlAfUG9yEZE=,I8W1lPSCohbR0VPEJJdgPYpLAYQ=
9,1,3X5JemH+3MWgJI//VlAfUG9yEZE=,S+e8+W8/mlDaBhMimbNlL/Bw5F8=
9,0,3X5JemH+3MWgJI//VlAfUG9yEZE=,S+e8+W8/mlDaBhMimbNlL/Bw5F8=
8,2,3X5JemH+3MWgJI//VlAfUG9yEZE=,I8W1lPSCohbR0VPEJJdgPYpLAYQ=
8,1,3X5JemH+3MWgJI//VlAfUG9yEZE=,S+e8+W8/mlDaBhMimbNlL/Bw5F8=
6,0,3X5JemH+3MWgJI//VlAfUG9yEZE=,6blBWGOl4YnsSzy/Qln2iWFLHqA=
5,1,3X5JemH+3MWgJI//VlAfUG9yEZE=,XQ/z0c7bHyQlrbFB6mLv3gnTXAg=
6,1,3X5JemH+3MWgJI//VlAfUG9yEZE=,6blBWGOl4YnsSzy/Qln2iWFLHqA=
7,1,3X5JemH+3MWgJI//VlAfUG9yEZE=,6blBWGOl4YnsSzy/Qln2iWFLHqA=
5,0,3X5JemH+3MWgJI//VlAfUG9yEZE=,XQ/z0c7bHyQlrbFB6mLv3gnTXAg=
8,0,3X5JemH+3MWgJI//VlAfUG9yEZE=,S+e8+W8/mlDaBhMimbNlL/Bw5F8=
7,0,3X5JemH+3MWgJI//VlAfUG9yEZE=,6blBWGOl4YnsSzy/Qln2iWFLHqA=
9,5,3X5JemH+3MWgJI//VlAfUG9yEZE=,hGapNfMjVJLYeQyAB3X+dkGh6DA=
8,5,3X5JemH+3MWgJI//VlAfUG9yEZE=,hGapNfMjVJLYeQyAB3X+dkGh6DA=
8,3,3X5JemH+3MWgJI//VlAfUG9yEZE=,I8W1lPSCohbR0VPEJJdgPYpLAYQ=
8,4,3X5JemH+3MWgJI//VlAfUG9yEZE=,hGapNfMjVJLYeQyAB3X+dkGh6DA=
9,3,3X5JemH+3MWgJI//VlAfUG9yEZE=,I8W1lPSCohbR0VPEJJdgPYpLAYQ=
9,4,3X5JemH+3MWgJI//VlAfUG9yEZE=,hGapNfMjVJLYeQyAB3X+dkGh6DA=
30,3,uAADb5uN4p7VWxxfddBSNJkPDTg=,3EOOrmMEaDG+A76h7q/Ndsi6018=
30,4,uAADb5uN4p7VWxxfddBSNJkPDTg=,AqXwXoxv7OcRrGdA/9z9r0A4C78=
30,2,uAADb5uN4p7VWxxfddBSNJkPDTg=,3EOOrmMEaDG+A76h7q/Ndsi6018=
26,6,uAADb5uN4p7VWxxfddBSNJkPDTg=,06/Wkcam/yzu/cHbgviwQBaxPnc=
26,5,uAADb5uN4p7VWxxfddBSNJkPDTg=,IeAwEotpDTRPWaWZwzO5s+9T3LI=
25,6,uAADb5uN4p7VWxxfddBSNJkPDTg=,8FgMy/I5HB833eRFr9GgSH1XI50=
27,5,uAADb5uN4p7VWxxfddBSNJkPDTg=,IeAwEotpDTRPWaWZwzO5s+9T3LI=
27,6,uAADb5uN4p7VWxxfddBSNJkPDTg=,06/Wkcam/yzu/cHbgviwQBaxPnc=
25,7,uAADb5uN4p7VWxxfddBSNJkPDTg=,8FgMy/I5HB833eRFr9GgSH1XI50=
27,7,uAADb5uN4p7VWxxfddBSNJkPDTg=,06/Wkcam/yzu/cHbgviwQBaxPnc=
27,4,uAADb5uN4p7VWxxfddBSNJkPDTg=,IeAwEotpDTRPWaWZwzO5s+9T3LI=
26,9,uAADb5uN4p7VWxxfddBSNJkPDTg=,1GgYAkfn2OQ5vQhSE5O9/Hie4NU=
25,8,uAADb5uN4p7VWxxfddBSNJkPDTg=,u4rDT9JRNMF3XqOJCgPLsZTgKZM=
27,8,uAADb5uN4p7VWxxfddBSNJkPDTg=,1GgYAkfn2OQ5vQhSE5O9/Hie4NU=
25,9,uAADb5uN4p7VWxxfddBSNJkPDTg=,u4rDT9JRNMF3XqOJCgPLsZTgKZM=
26,7,uAADb5uN4p7VWxxfddBSNJkPDTg=,06/Wkcam/yzu/cHbgviwQBaxPnc=
26,8,uAADb5uN4p7VWxxfddBSNJkPDTg=,1GgYAkfn2OQ5vQhSE5O9/Hie4NU=
30,5,uAADb5uN4p7VWxxfddBSNJkPDTg=,AqXwXoxv7OcRrGdA/9z9r0A4C78=
22,6,uAADb5uN4p7VWxxfddBSNJkPDTg=,iPRBWRPLdI9MBOj/zXbj0e8AAME=
26,4,uAADb5uN4p7VWxxfddBSNJkPDTg=,IeAwEotpDTRPWaWZwzO5s+9T3LI=
27,9,uAADb5uN4p7VWxxfddBSNJkPDTg=,1GgYAkfn2OQ5vQhSE5O9/Hie4NU=
23,6,uAADb5uN4p7VWxxfddBSNJkPDTg=,iPRBWRPLdI9MBOj/zXbj0e8AAME=
24,6,uAADb5uN4p7VWxxfddBSNJkPDTg=,8FgMy/I5HB833eRFr9GgSH1XI50=
31,2,uAADb5uN4p7VWxxfddBSNJkPDTg=,3EOOrmMEaDG+A76h7q/Ndsi6018=
31,5,uAADb5uN4p7VWxxfddBSNJkPDTg=,AqXwXoxv7OcRrGdA/9z9r0A4C78=
31,3,uAADb5uN4p7VWxxfddBSNJkPDTg=,3EOOrmMEaDG+A76h7q/Ndsi6018=
31,4,uAADb5uN4p7VWxxfddBSNJkPDTg=,AqXwXoxv7OcRrGdA/9z9r0A4C78=
24,9,uAADb5uN4p7VWxxfddBSNJkPDTg=,u4rDT9JRNMF3XqOJCgPLsZTgKZM=
23,9,uAADb5uN4p7VWxxfddBSNJkPDTg=,aZYqFXm3QPqE6thQp0Jgv2JB/Ds=
22,7,uAADb5uN4p7VWxxfddBSNJkPDTg=,iPRBWRPLdI9MBOj/zXbj0e8AAME=
22,9,uAADb5uN4p7VWxxfddBSNJkPDTg=,aZYqFXm3QPqE6thQp0Jgv2JB/Ds=
24,7,uAADb5uN4p7VWxxfddBSNJkPDTg=,8FgMy/I5HB833eRFr9GgSH1XI50=
22,8,uAADb5uN4p7VWxxfddBSNJkPDTg=,aZYqFXm3QPqE6thQp0Jgv2JB/Ds=
23,7,uAADb5uN4p7VWxxfddBSNJkPDTg=,iPRBWRPLdI9MBOj/zXbj0e8AAME=
24,8,uAADb5uN4p7VWxxfddBSNJkPDTg=,u4rDT9JRNMF3XqOJCgPLsZTgKZM=
23,8,uAADb5uN4p7VWxxfddBSNJkPDTg=,aZYqFXm3QPqE6thQp0Jgv2JB/Ds=
