32,2,uAADb5uN4p7VWxxfddBSNJkPDTg=,NODTefhYA1siYaokWixF66KpXMw=
33,2,uAADb5uN4p7VWxxfddBSNJkPDTg=,NODTefhYA1siYaokWixF66KpXMw=
33,5,uAADb5uN4p7VWxxfddBSNJkPDTg=,EUcfWsnMRJSi3pMjP53d6zLb+kU=
33,4,uAADb5uN4p7VWxxfddBSNJkPDTg=,EUcfWsnMRJSi3pMjP53d6zLb+kU=
32,5,uAADb5uN4p7VWxxfddBSNJkPDTg=,EUcfWsnMRJSi3pMjP53d6zLb+kU=
33,3,uAADb5uN4p7VWxxfddBSNJkPDTg=,NODTefhYA1siYaokWixF66KpXMw=
32,3,uAADb5uN4p7VWxxfddBSNJkPDTg=,NODTefhYA1siYaokWixF66KpXMw=
32,4,uAADb5uN4p7VWxxfddBSNJkPDTg=,EUcfWsnMRJSi3pMjP53d6zLb+kU=
